/*
 Navicat Premium Data Transfer

 Source Server         : MySQL4142
 Source Server Type    : MySQL
 Source Server Version : 50723
 Source Host           : localhost:3306
 Source Schema         : shiro_db

 Target Server Type    : MySQL
 Target Server Version : 50723
 File Encoding         : 65001

 Date: 17/11/2019 14:36:10
*/

SET NAMES utf8mb4;
SET FOREIGN_KEY_CHECKS = 0;

-- ----------------------------
-- Table structure for pe_permission
-- ----------------------------
DROP TABLE IF EXISTS `pe_permission`;
CREATE TABLE `pe_permission`  (
  `id` varchar(40) CHARACTER SET utf8mb4 COLLATE utf8mb4_general_ci NOT NULL COMMENT '主键',
  `name` varchar(255) CHARACTER SET utf8mb4 COLLATE utf8mb4_general_ci NULL DEFAULT NULL COMMENT '权限名称',
  `code` varchar(20) CHARACTER SET utf8mb4 COLLATE utf8mb4_general_ci NULL DEFAULT NULL,
  `description` text CHARACTER SET utf8mb4 COLLATE utf8mb4_general_ci NULL COMMENT '权限描述',
  PRIMARY KEY (`id`) USING BTREE
) ENGINE = InnoDB CHARACTER SET = utf8mb4 COLLATE = utf8mb4_general_ci ROW_FORMAT = Dynamic;

-- ----------------------------
-- Records of pe_permission
-- ----------------------------
INSERT INTO `pe_permission` VALUES ('1', '添加用户', 'user-add', NULL);
INSERT INTO `pe_permission` VALUES ('2', '查询用户', 'user-find', NULL);
INSERT INTO `pe_permission` VALUES ('3', '更新用户', 'user-update', NULL);
INSERT INTO `pe_permission` VALUES ('4', '删除用户', 'user-delete', NULL);

-- ----------------------------
-- Table structure for pe_role
-- ----------------------------
DROP TABLE IF EXISTS `pe_role`;
CREATE TABLE `pe_role`  (
  `id` varchar(40) CHARACTER SET utf8mb4 COLLATE utf8mb4_general_ci NOT NULL COMMENT '主键ID',
  `name` varchar(40) CHARACTER SET utf8mb4 COLLATE utf8mb4_general_ci NULL DEFAULT NULL COMMENT '权限名称',
  `description` varchar(255) CHARACTER SET utf8mb4 COLLATE utf8mb4_general_ci NULL DEFAULT NULL COMMENT '说明',
  PRIMARY KEY (`id`) USING BTREE,
  UNIQUE INDEX `UK_k3beff7qglfn58qsf2yvbg41i`(`name`) USING BTREE
) ENGINE = InnoDB CHARACTER SET = utf8mb4 COLLATE = utf8mb4_general_ci ROW_FORMAT = Dynamic;

-- ----------------------------
-- Records of pe_role
-- ----------------------------
INSERT INTO `pe_role` VALUES ('1', '系统管理员', '系统日常维护');
INSERT INTO `pe_role` VALUES ('2', '普通员工', '普通操作权限');

-- ----------------------------
-- Table structure for pe_role_permission
-- ----------------------------
DROP TABLE IF EXISTS `pe_role_permission`;
CREATE TABLE `pe_role_permission`  (
  `role_id` varchar(40) CHARACTER SET utf8mb4 COLLATE utf8mb4_general_ci NOT NULL COMMENT '角色ID',
  `permission_id` varchar(40) CHARACTER SET utf8mb4 COLLATE utf8mb4_general_ci NOT NULL COMMENT '权限ID',
  PRIMARY KEY (`role_id`, `permission_id`) USING BTREE,
  INDEX `FK74qx7rkbtq2wqms78gljv87a0`(`permission_id`) USING BTREE,
  INDEX `FKee9dk0vg99shvsytflym6egxd`(`role_id`) USING BTREE,
  CONSTRAINT `fk-p-rid` FOREIGN KEY (`role_id`) REFERENCES `pe_role` (`id`) ON DELETE RESTRICT ON UPDATE RESTRICT,
  CONSTRAINT `fk-pid` FOREIGN KEY (`permission_id`) REFERENCES `pe_permission` (`id`) ON DELETE RESTRICT ON UPDATE RESTRICT
) ENGINE = InnoDB CHARACTER SET = utf8mb4 COLLATE = utf8mb4_general_ci ROW_FORMAT = Dynamic;

-- ----------------------------
-- Records of pe_role_permission
-- ----------------------------
INSERT INTO `pe_role_permission` VALUES ('1', '1');
INSERT INTO `pe_role_permission` VALUES ('1', '2');
INSERT INTO `pe_role_permission` VALUES ('2', '2');
INSERT INTO `pe_role_permission` VALUES ('1', '3');
INSERT INTO `pe_role_permission` VALUES ('1', '4');

-- ----------------------------
-- Table structure for pe_user
-- ----------------------------
DROP TABLE IF EXISTS `pe_user`;
CREATE TABLE `pe_user`  (
  `id` varchar(40) CHARACTER SET utf8mb4 COLLATE utf8mb4_general_ci NOT NULL COMMENT 'ID',
  `username` varchar(255) CHARACTER SET utf8mb4 COLLATE utf8mb4_general_ci NOT NULL COMMENT '用户名称',
  `password` varchar(255) CHARACTER SET utf8mb4 COLLATE utf8mb4_general_ci NULL DEFAULT NULL COMMENT '密码',
  PRIMARY KEY (`id`) USING BTREE
) ENGINE = InnoDB CHARACTER SET = utf8mb4 COLLATE = utf8mb4_general_ci ROW_FORMAT = Dynamic;

-- ----------------------------
-- Records of pe_user
-- ----------------------------
INSERT INTO `pe_user` VALUES ('1', 'zhangsan', 'b51ae3e5279bc66eae7a4fe2600ab0b1');
INSERT INTO `pe_user` VALUES ('2', 'lisi', '16f807d62105b4896034552ee5caeb8a');
INSERT INTO `pe_user` VALUES ('3', 'wangwu', '123456');

-- ----------------------------
-- Table structure for pe_user_role
-- ----------------------------
DROP TABLE IF EXISTS `pe_user_role`;
CREATE TABLE `pe_user_role`  (
  `role_id` varchar(40) CHARACTER SET utf8mb4 COLLATE utf8mb4_general_ci NOT NULL COMMENT '角色ID',
  `user_id` varchar(40) CHARACTER SET utf8mb4 COLLATE utf8mb4_general_ci NOT NULL COMMENT '权限ID',
  INDEX `FK74qx7rkbtq2wqms78gljv87a1`(`role_id`) USING BTREE,
  INDEX `FKee9dk0vg99shvsytflym6egx1`(`user_id`) USING BTREE,
  CONSTRAINT `fk-rid` FOREIGN KEY (`role_id`) REFERENCES `pe_role` (`id`) ON DELETE RESTRICT ON UPDATE RESTRICT,
  CONSTRAINT `fk-uid` FOREIGN KEY (`user_id`) REFERENCES `pe_user` (`id`) ON DELETE RESTRICT ON UPDATE RESTRICT
) ENGINE = InnoDB CHARACTER SET = utf8mb4 COLLATE = utf8mb4_general_ci ROW_FORMAT = Dynamic;

-- ----------------------------
-- Records of pe_user_role
-- ----------------------------
INSERT INTO `pe_user_role` VALUES ('1', '1');

SET FOREIGN_KEY_CHECKS = 1;
